{
  "hash": "d0902978",
  "configHash": "14d9d5c3",
  "lockfileHash": "244f4dba",
  "browserHash": "e34363c3",
  "optimized": {
    "@angular/core": {
      "src": "../../../../../../node_modules/@angular/core/fesm2022/core.mjs",
      "file": "@angular_core.js",
      "fileHash": "e6291d52",
      "needsInterop": false
    },
    "@angular/platform-browser": {
      "src": "../../../../../../node_modules/@angular/platform-browser/fesm2022/platform-browser.mjs",
      "file": "@angular_platform-browser.js",
      "fileHash": "86995144",
      "needsInterop": false
    },
    "@angular/router": {
      "src": "../../../../../../node_modules/@angular/router/fesm2022/router.mjs",
      "file": "@angular_router.js",
      "fileHash": "b76c448c",
      "needsInterop": false
    },
    "@angular/forms": {
      "src": "../../../../../../node_modules/@angular/forms/fesm2022/forms.mjs",
      "file": "@angular_forms.js",
      "fileHash": "be0152e1",
      "needsInterop": false
    }
  },
  "chunks": {
    "chunk-TEKOWEFG": {
      "file": "chunk-TEKOWEFG.js"
    },
    "chunk-U7N7LOB5": {
      "file": "chunk-U7N7LOB5.js"
    },
    "chunk-LEOBE6CO": {
      "file": "chunk-LEOBE6CO.js"
    }
  }
}